,race,median_perc_income_of_white
0,White alone,0.7987465181058496
1,"White alone, not Hispanic",1.0
2,Black alone,0.08997214484679665
3,Asian alone,1.463091922005571
4,Other (residual),0.1402506963788301
5,Hispanic origin (any race),0.14916434540389972
6,Not of Hispanic origin,0.7785515320334262
